index,fever,one_uri_symp,travel_risk_country,covid19_contact,close_risk_country,int_contact,med_prof,close_con,risk_level,gen_action,spec_action
1,0,0,0,0,0,0,0,0,1,ล้างมือ สวมหน้ากาก หลีกเลี่ยงที่แออัด, 
2,0,0,1,0,0,0,0,0,3,ล้างมือ สวมหน้ากาก หลีกเลี่ยงที่แออัด,เนื่องจากท่านมีประวัติเดินทางจากพื้นที่เสี่ยง ให้กักตัว 14 วัน พร้อมเฝ้าระวังอาการ ถ้ามีอาการไข้ ร่วมกับ อาการระบบทางเดินหายใจ ให้ติดต่อสถานพยาบาลทันที
3,0,0,0,1,0,0,0,0,3,ล้างมือ สวมหน้ากาก หลีกเลี่ยงที่แออัด,เนื่องจากท่านมีประวัติอยู่ใกล้ชิดผู้ป่วยยืนยันCOVID-19 ให้ติดต่อเจ้าหน้าที่ควบคุมโรค เพื่อประเมิณความเสี่ยง
4,0,0,0,0,1,0,0,0,3,ล้างมือ สวมหน้ากาก หลีกเลี่ยงที่แออัด,ให้เฝ้าระวังอาการตนเอง ถ้ามีอาการไข้ ร่วมกับ อาการระบบทางเดินหายใจ (มีทั้ง 2 อาการ) ให้ติดต่อสถานพยาบาลทันที
5,0,0,0,0,0,1,0,0,3,ล้างมือ สวมหน้ากาก หลีกเลี่ยงที่แออัด,ให้เฝ้าระวังอาการตนเอง ถ้ามีอาการไข้ ร่วมกับ อาการระบบทางเดินหายใจ (มีทั้ง 2 อาการ) ให้ติดต่อสถานพยาบาลทันที
6,0,0,0,0,0,0,1,0,3,ล้างมือ สวมหน้ากาก หลีกเลี่ยงที่แออัด,ให้เฝ้าระวังอาการตนเอง ถ้ามีอาการไข้ ร่วมกับ อาการระบบทางเดินหายใจ (มีทั้ง 2 อาการ) ให้ติดต่อสถานพยาบาลทันที
7,0,0,0,0,0,0,0,1,3,ล้างมือ สวมหน้ากาก หลีกเลี่ยงที่แออัด,ให้เฝ้าระวังอาการตนเอง ถ้ามีอาการไข้ ร่วมกับ อาการระบบทางเดินหายใจ (มีทั้ง 2 อาการ) ให้ติดต่อสถานพยาบาลทันที
8,0,0,1,1,0,0,0,0,3,ล้างมือ สวมหน้ากาก หลีกเลี่ยงที่แออัด,เนื่องจากท่านมีประวัติอยู่ใกล้ชิดผู้ป่วยยืนยันCOVID-19 ให้ติดต่อเจ้าหน้าที่ควบคุมโรค เพื่อประเมิณความเสี่ยง
9,0,0,1,0,1,0,0,0,3,ล้างมือ สวมหน้ากาก หลีกเลี่ยงที่แออัด,เนื่องจากท่านมีประวัติเดินทางจากพื้นที่เสี่ยง ให้กักตัว 14 วัน พร้อมเฝ้าระวังอาการ ถ้ามีอาการไข้ ร่วมกับ อาการระบบทางเดินหายใจ ให้ติดต่อสถานพยาบาลทันที
10,0,0,0,1,1,0,0,0,3,ล้างมือ สวมหน้ากาก หลีกเลี่ยงที่แออัด,เนื่องจากท่านมีประวัติอยู่ใกล้ชิดผู้ป่วยยืนยันCOVID-19 ให้ติดต่อเจ้าหน้าที่ควบคุมโรค เพื่อประเมิณความเสี่ยง
11,0,0,1,0,0,1,0,0,3,ล้างมือ สวมหน้ากาก หลีกเลี่ยงที่แออัด,เนื่องจากท่านมีประวัติเดินทางจากพื้นที่เสี่ยง ให้กักตัว 14 วัน พร้อมเฝ้าระวังอาการ ถ้ามีอาการไข้ ร่วมกับ อาการระบบทางเดินหายใจ ให้ติดต่อสถานพยาบาลทันที
12,0,0,0,1,0,1,0,0,3,ล้างมือ สวมหน้ากาก หลีกเลี่ยงที่แออัด,เนื่องจากท่านมีประวัติอยู่ใกล้ชิดผู้ป่วยยืนยันCOVID-19 ให้ติดต่อเจ้าหน้าที่ควบคุมโรค เพื่อประเมิณความเสี่ยง
13,0,0,0,0,1,1,0,0,3,ล้างมือ สวมหน้ากาก หลีกเลี่ยงที่แออัด,ให้เฝ้าระวังอาการตนเอง ถ้ามีอาการไข้ ร่วมกับ อาการระบบทางเดินหายใจ (มีทั้ง 2 อาการ) ให้ติดต่อสถานพยาบาลทันที
14,0,0,1,0,0,0,1,0,3,ล้างมือ สวมหน้ากาก หลีกเลี่ยงที่แออัด,เนื่องจากท่านมีประวัติเดินทางจากพื้นที่เสี่ยง ให้กักตัว 14 วัน พร้อมเฝ้าระวังอาการ ถ้ามีอาการไข้ ร่วมกับ อาการระบบทางเดินหายใจ ให้ติดต่อสถานพยาบาลทันที
15,0,0,0,1,0,0,1,0,3,ล้างมือ สวมหน้ากาก หลีกเลี่ยงที่แออัด,เนื่องจากท่านมีประวัติอยู่ใกล้ชิดผู้ป่วยยืนยันCOVID-19 ให้ติดต่อเจ้าหน้าที่ควบคุมโรค เพื่อประเมิณความเสี่ยง
16,0,0,0,0,1,0,1,0,3,ล้างมือ สวมหน้ากาก หลีกเลี่ยงที่แออัด,ให้เฝ้าระวังอาการตนเอง ถ้ามีอาการไข้ ร่วมกับ อาการระบบทางเดินหายใจ (มีทั้ง 2 อาการ) ให้ติดต่อสถานพยาบาลทันที
17,0,0,0,0,0,1,1,0,3,ล้างมือ สวมหน้ากาก หลีกเลี่ยงที่แออัด,ให้เฝ้าระวังอาการตนเอง ถ้ามีอาการไข้ ร่วมกับ อาการระบบทางเดินหายใจ (มีทั้ง 2 อาการ) ให้ติดต่อสถานพยาบาลทันที
18,0,0,1,0,0,0,0,1,3,ล้างมือ สวมหน้ากาก หลีกเลี่ยงที่แออัด,เนื่องจากท่านมีประวัติเดินทางจากพื้นที่เสี่ยง ให้กักตัว 14 วัน พร้อมเฝ้าระวังอาการ ถ้ามีอาการไข้ ร่วมกับ อาการระบบทางเดินหายใจ ให้ติดต่อสถานพยาบาลทันที
19,0,0,0,1,0,0,0,1,3,ล้างมือ สวมหน้ากาก หลีกเลี่ยงที่แออัด,เนื่องจากท่านมีประวัติอยู่ใกล้ชิดผู้ป่วยยืนยันCOVID-19 ให้ติดต่อเจ้าหน้าที่ควบคุมโรค เพื่อประเมิณความเสี่ยง
20,0,0,0,0,1,0,0,1,3,ล้างมือ สวมหน้ากาก หลีกเลี่ยงที่แออัด,ให้เฝ้าระวังอาการตนเอง ถ้ามีอาการไข้ ร่วมกับ อาการระบบทางเดินหายใจ (มีทั้ง 2 อาการ) ให้ติดต่อสถานพยาบาลทันที
21,0,0,0,0,0,1,0,1,3,ล้างมือ สวมหน้ากาก หลีกเลี่ยงที่แออัด,ให้เฝ้าระวังอาการตนเอง ถ้ามีอาการไข้ ร่วมกับ อาการระบบทางเดินหายใจ (มีทั้ง 2 อาการ) ให้ติดต่อสถานพยาบาลทันที
22,0,0,0,0,0,0,1,1,3,ล้างมือ สวมหน้ากาก หลีกเลี่ยงที่แออัด,ให้เฝ้าระวังอาการตนเอง ถ้ามีอาการไข้ ร่วมกับ อาการระบบทางเดินหายใจ (มีทั้ง 2 อาการ) ให้ติดต่อสถานพยาบาลทันที
23,0,0,1,1,1,0,0,0,3,ล้างมือ สวมหน้ากาก หลีกเลี่ยงที่แออัด,เนื่องจากท่านมีประวัติอยู่ใกล้ชิดผู้ป่วยยืนยันCOVID-19 ให้ติดต่อเจ้าหน้าที่ควบคุมโรค เพื่อประเมิณความเสี่ยง
24,0,0,1,1,0,1,0,0,3,ล้างมือ สวมหน้ากาก หลีกเลี่ยงที่แออัด,เนื่องจากท่านมีประวัติอยู่ใกล้ชิดผู้ป่วยยืนยันCOVID-19 ให้ติดต่อเจ้าหน้าที่ควบคุมโรค เพื่อประเมิณความเสี่ยง
25,0,0,1,0,1,1,0,0,3,ล้างมือ สวมหน้ากาก หลีกเลี่ยงที่แออัด,เนื่องจากท่านมีประวัติเดินทางจากพื้นที่เสี่ยง ให้กักตัว 14 วัน พร้อมเฝ้าระวังอาการ ถ้ามีอาการไข้ ร่วมกับ อาการระบบทางเดินหายใจ ให้ติดต่อสถานพยาบาลทันที
26,0,0,0,1,1,1,0,0,3,ล้างมือ สวมหน้ากาก หลีกเลี่ยงที่แออัด,เนื่องจากท่านมีประวัติอยู่ใกล้ชิดผู้ป่วยยืนยันCOVID-19 ให้ติดต่อเจ้าหน้าที่ควบคุมโรค เพื่อประเมิณความเสี่ยง
27,0,0,1,1,0,0,1,0,3,ล้างมือ สวมหน้ากาก หลีกเลี่ยงที่แออัด,เนื่องจากท่านมีประวัติอยู่ใกล้ชิดผู้ป่วยยืนยันCOVID-19 ให้ติดต่อเจ้าหน้าที่ควบคุมโรค เพื่อประเมิณความเสี่ยง
28,0,0,1,0,1,0,1,0,3,ล้างมือ สวมหน้ากาก หลีกเลี่ยงที่แออัด,เนื่องจากท่านมีประวัติเดินทางจากพื้นที่เสี่ยง ให้กักตัว 14 วัน พร้อมเฝ้าระวังอาการ ถ้ามีอาการไข้ ร่วมกับ อาการระบบทางเดินหายใจ ให้ติดต่อสถานพยาบาลทันที
29,0,0,0,1,1,0,1,0,3,ล้างมือ สวมหน้ากาก หลีกเลี่ยงที่แออัด,เนื่องจากท่านมีประวัติอยู่ใกล้ชิดผู้ป่วยยืนยันCOVID-19 ให้ติดต่อเจ้าหน้าที่ควบคุมโรค เพื่อประเมิณความเสี่ยง
30,0,0,1,0,0,1,1,0,3,ล้างมือ สวมหน้ากาก หลีกเลี่ยงที่แออัด,เนื่องจากท่านมีประวัติเดินทางจากพื้นที่เสี่ยง ให้กักตัว 14 วัน พร้อมเฝ้าระวังอาการ ถ้ามีอาการไข้ ร่วมกับ อาการระบบทางเดินหายใจ ให้ติดต่อสถานพยาบาลทันที
31,0,0,0,1,0,1,1,0,3,ล้างมือ สวมหน้ากาก หลีกเลี่ยงที่แออัด,เนื่องจากท่านมีประวัติอยู่ใกล้ชิดผู้ป่วยยืนยันCOVID-19 ให้ติดต่อเจ้าหน้าที่ควบคุมโรค เพื่อประเมิณความเสี่ยง
32,0,0,0,0,1,1,1,0,3,ล้างมือ สวมหน้ากาก หลีกเลี่ยงที่แออัด,ให้เฝ้าระวังอาการตนเอง ถ้ามีอาการไข้ ร่วมกับ อาการระบบทางเดินหายใจ (มีทั้ง 2 อาการ) ให้ติดต่อสถานพยาบาลทันที
33,0,0,1,1,0,0,0,1,3,ล้างมือ สวมหน้ากาก หลีกเลี่ยงที่แออัด,เนื่องจากท่านมีประวัติอยู่ใกล้ชิดผู้ป่วยยืนยันCOVID-19 ให้ติดต่อเจ้าหน้าที่ควบคุมโรค เพื่อประเมิณความเสี่ยง
34,0,0,1,0,1,0,0,1,3,ล้างมือ สวมหน้ากาก หลีกเลี่ยงที่แออัด,เนื่องจากท่านมีประวัติเดินทางจากพื้นที่เสี่ยง ให้กักตัว 14 วัน พร้อมเฝ้าระวังอาการ ถ้ามีอาการไข้ ร่วมกับ อาการระบบทางเดินหายใจ ให้ติดต่อสถานพยาบาลทันที
35,0,0,0,1,1,0,0,1,3,ล้างมือ สวมหน้ากาก หลีกเลี่ยงที่แออัด,เนื่องจากท่านมีประวัติอยู่ใกล้ชิดผู้ป่วยยืนยันCOVID-19 ให้ติดต่อเจ้าหน้าที่ควบคุมโรค เพื่อประเมิณความเสี่ยง
36,0,0,1,0,0,1,0,1,3,ล้างมือ สวมหน้ากาก หลีกเลี่ยงที่แออัด,เนื่องจากท่านมีประวัติเดินทางจากพื้นที่เสี่ยง ให้กักตัว 14 วัน พร้อมเฝ้าระวังอาการ ถ้ามีอาการไข้ ร่วมกับ อาการระบบทางเดินหายใจ ให้ติดต่อสถานพยาบาลทันที
37,0,0,0,1,0,1,0,1,3,ล้างมือ สวมหน้ากาก หลีกเลี่ยงที่แออัด,เนื่องจากท่านมีประวัติอยู่ใกล้ชิดผู้ป่วยยืนยันCOVID-19 ให้ติดต่อเจ้าหน้าที่ควบคุมโรค เพื่อประเมิณความเสี่ยง
38,0,0,0,0,1,1,0,1,3,ล้างมือ สวมหน้ากาก หลีกเลี่ยงที่แออัด,ให้เฝ้าระวังอาการตนเอง ถ้ามีอาการไข้ ร่วมกับ อาการระบบทางเดินหายใจ (มีทั้ง 2 อาการ) ให้ติดต่อสถานพยาบาลทันที
39,0,0,1,0,0,0,1,1,3,ล้างมือ สวมหน้ากาก หลีกเลี่ยงที่แออัด,เนื่องจากท่านมีประวัติเดินทางจากพื้นที่เสี่ยง ให้กักตัว 14 วัน พร้อมเฝ้าระวังอาการ ถ้ามีอาการไข้ ร่วมกับ อาการระบบทางเดินหายใจ ให้ติดต่อสถานพยาบาลทันที
40,0,0,0,1,0,0,1,1,3,ล้างมือ สวมหน้ากาก หลีกเลี่ยงที่แออัด,เนื่องจากท่านมีประวัติอยู่ใกล้ชิดผู้ป่วยยืนยันCOVID-19 ให้ติดต่อเจ้าหน้าที่ควบคุมโรค เพื่อประเมิณความเสี่ยง
41,0,0,0,0,1,0,1,1,3,ล้างมือ สวมหน้ากาก หลีกเลี่ยงที่แออัด,ให้เฝ้าระวังอาการตนเอง ถ้ามีอาการไข้ ร่วมกับ อาการระบบทางเดินหายใจ (มีทั้ง 2 อาการ) ให้ติดต่อสถานพยาบาลทันที
42,0,0,0,0,0,1,1,1,3,ล้างมือ สวมหน้ากาก หลีกเลี่ยงที่แออัด,ให้เฝ้าระวังอาการตนเอง ถ้ามีอาการไข้ ร่วมกับ อาการระบบทางเดินหายใจ (มีทั้ง 2 อาการ) ให้ติดต่อสถานพยาบาลทันที
43,0,0,1,1,1,1,0,0,3,ล้างมือ สวมหน้ากาก หลีกเลี่ยงที่แออัด,เนื่องจากท่านมีประวัติอยู่ใกล้ชิดผู้ป่วยยืนยันCOVID-19 ให้ติดต่อเจ้าหน้าที่ควบคุมโรค เพื่อประเมิณความเสี่ยง
44,0,0,1,1,1,0,1,0,3,ล้างมือ สวมหน้ากาก หลีกเลี่ยงที่แออัด,เนื่องจากท่านมีประวัติอยู่ใกล้ชิดผู้ป่วยยืนยันCOVID-19 ให้ติดต่อเจ้าหน้าที่ควบคุมโรค เพื่อประเมิณความเสี่ยง
45,0,0,1,1,0,1,1,0,3,ล้างมือ สวมหน้ากาก หลีกเลี่ยงที่แออัด,เนื่องจากท่านมีประวัติอยู่ใกล้ชิดผู้ป่วยยืนยันCOVID-19 ให้ติดต่อเจ้าหน้าที่ควบคุมโรค เพื่อประเมิณความเสี่ยง
46,0,0,1,0,1,1,1,0,3,ล้างมือ สวมหน้ากาก หลีกเลี่ยงที่แออัด,เนื่องจากท่านมีประวัติเดินทางจากพื้นที่เสี่ยง ให้กักตัว 14 วัน พร้อมเฝ้าระวังอาการ ถ้ามีอาการไข้ ร่วมกับ อาการระบบทางเดินหายใจ ให้ติดต่อสถานพยาบาลทันที
47,0,0,0,1,1,1,1,0,3,ล้างมือ สวมหน้ากาก หลีกเลี่ยงที่แออัด,เนื่องจากท่านมีประวัติอยู่ใกล้ชิดผู้ป่วยยืนยันCOVID-19 ให้ติดต่อเจ้าหน้าที่ควบคุมโรค เพื่อประเมิณความเสี่ยง
48,0,0,1,1,1,0,0,1,3,ล้างมือ สวมหน้ากาก หลีกเลี่ยงที่แออัด,เนื่องจากท่านมีประวัติอยู่ใกล้ชิดผู้ป่วยยืนยันCOVID-19 ให้ติดต่อเจ้าหน้าที่ควบคุมโรค เพื่อประเมิณความเสี่ยง
49,0,0,1,1,0,1,0,1,3,ล้างมือ สวมหน้ากาก หลีกเลี่ยงที่แออัด,เนื่องจากท่านมีประวัติอยู่ใกล้ชิดผู้ป่วยยืนยันCOVID-19 ให้ติดต่อเจ้าหน้าที่ควบคุมโรค เพื่อประเมิณความเสี่ยง
50,0,0,1,0,1,1,0,1,3,ล้างมือ สวมหน้ากาก หลีกเลี่ยงที่แออัด,เนื่องจากท่านมีประวัติเดินทางจากพื้นที่เสี่ยง ให้กักตัว 14 วัน พร้อมเฝ้าระวังอาการ ถ้ามีอาการไข้ ร่วมกับ อาการระบบทางเดินหายใจ ให้ติดต่อสถานพยาบาลทันที
51,0,0,0,1,1,1,0,1,3,ล้างมือ สวมหน้ากาก หลีกเลี่ยงที่แออัด,เนื่องจากท่านมีประวัติอยู่ใกล้ชิดผู้ป่วยยืนยันCOVID-19 ให้ติดต่อเจ้าหน้าที่ควบคุมโรค เพื่อประเมิณความเสี่ยง
52,0,0,1,1,0,0,1,1,3,ล้างมือ สวมหน้ากาก หลีกเลี่ยงที่แออัด,เนื่องจากท่านมีประวัติอยู่ใกล้ชิดผู้ป่วยยืนยันCOVID-19 ให้ติดต่อเจ้าหน้าที่ควบคุมโรค เพื่อประเมิณความเสี่ยง
53,0,0,1,0,1,0,1,1,3,ล้างมือ สวมหน้ากาก หลีกเลี่ยงที่แออัด,เนื่องจากท่านมีประวัติเดินทางจากพื้นที่เสี่ยง ให้กักตัว 14 วัน พร้อมเฝ้าระวังอาการ ถ้ามีอาการไข้ ร่วมกับ อาการระบบทางเดินหายใจ ให้ติดต่อสถานพยาบาลทันที
54,0,0,0,1,1,0,1,1,3,ล้างมือ สวมหน้ากาก หลีกเลี่ยงที่แออัด,เนื่องจากท่านมีประวัติอยู่ใกล้ชิดผู้ป่วยยืนยันCOVID-19 ให้ติดต่อเจ้าหน้าที่ควบคุมโรค เพื่อประเมิณความเสี่ยง
55,0,0,1,0,0,1,1,1,3,ล้างมือ สวมหน้ากาก หลีกเลี่ยงที่แออัด,เนื่องจากท่านมีประวัติเดินทางจากพื้นที่เสี่ยง ให้กักตัว 14 วัน พร้อมเฝ้าระวังอาการ ถ้ามีอาการไข้ ร่วมกับ อาการระบบทางเดินหายใจ ให้ติดต่อสถานพยาบาลทันที
56,0,0,0,1,0,1,1,1,3,ล้างมือ สวมหน้ากาก หลีกเลี่ยงที่แออัด,เนื่องจากท่านมีประวัติอยู่ใกล้ชิดผู้ป่วยยืนยันCOVID-19 ให้ติดต่อเจ้าหน้าที่ควบคุมโรค เพื่อประเมิณความเสี่ยง
57,0,0,0,0,1,1,1,1,3,ล้างมือ สวมหน้ากาก หลีกเลี่ยงที่แออัด,ให้เฝ้าระวังอาการตนเอง ถ้ามีอาการไข้ ร่วมกับ อาการระบบทางเดินหายใจ (มีทั้ง 2 อาการ) ให้ติดต่อสถานพยาบาลทันที
58,0,0,1,1,1,1,1,0,3,ล้างมือ สวมหน้ากาก หลีกเลี่ยงที่แออัด,เนื่องจากท่านมีประวัติอยู่ใกล้ชิดผู้ป่วยยืนยันCOVID-19 ให้ติดต่อเจ้าหน้าที่ควบคุมโรค เพื่อประเมิณความเสี่ยง
59,0,0,1,1,1,1,0,1,3,ล้างมือ สวมหน้ากาก หลีกเลี่ยงที่แออัด,เนื่องจากท่านมีประวัติอยู่ใกล้ชิดผู้ป่วยยืนยันCOVID-19 ให้ติดต่อเจ้าหน้าที่ควบคุมโรค เพื่อประเมิณความเสี่ยง
60,0,0,1,1,1,0,1,1,3,ล้างมือ สวมหน้ากาก หลีกเลี่ยงที่แออัด,เนื่องจากท่านมีประวัติอยู่ใกล้ชิดผู้ป่วยยืนยันCOVID-19 ให้ติดต่อเจ้าหน้าที่ควบคุมโรค เพื่อประเมิณความเสี่ยง
61,0,0,1,1,0,1,1,1,3,ล้างมือ สวมหน้ากาก หลีกเลี่ยงที่แออัด,เนื่องจากท่านมีประวัติอยู่ใกล้ชิดผู้ป่วยยืนยันCOVID-19 ให้ติดต่อเจ้าหน้าที่ควบคุมโรค เพื่อประเมิณความเสี่ยง
62,0,0,1,0,1,1,1,1,3,ล้างมือ สวมหน้ากาก หลีกเลี่ยงที่แออัด,เนื่องจากท่านมีประวัติเดินทางจากพื้นที่เสี่ยง ให้กักตัว 14 วัน พร้อมเฝ้าระวังอาการ ถ้ามีอาการไข้ ร่วมกับ อาการระบบทางเดินหายใจ ให้ติดต่อสถานพยาบาลทันที
63,0,0,0,1,1,1,1,1,3,ล้างมือ สวมหน้ากาก หลีกเลี่ยงที่แออัด,เนื่องจากท่านมีประวัติอยู่ใกล้ชิดผู้ป่วยยืนยันCOVID-19 ให้ติดต่อเจ้าหน้าที่ควบคุมโรค เพื่อประเมิณความเสี่ยง
64,0,0,1,1,1,1,1,1,3,ล้างมือ สวมหน้ากาก หลีกเลี่ยงที่แออัด,เนื่องจากท่านมีประวัติอยู่ใกล้ชิดผู้ป่วยยืนยันCOVID-19 ให้ติดต่อเจ้าหน้าที่ควบคุมโรค เพื่อประเมิณความเสี่ยง
65,1,0,0,0,0,0,0,0,2,ล้างมือ สวมหน้ากาก หลีกเลี่ยงที่แออัด,อาจเป็นโรคอื่น ถ้า 2 วัน อาการไม่ดีขึ้นให้ไปพบแพทย์
66,0,1,0,0,0,0,0,0,2,ล้างมือ สวมหน้ากาก หลีกเลี่ยงที่แออัด,อาจเป็นโรคอื่น ถ้า 2 วัน อาการไม่ดีขึ้นให้ไปพบแพทย์
67,1,0,1,0,0,0,0,0,3,ล้างมือ สวมหน้ากาก หลีกเลี่ยงที่แออัด,เนื่องจากท่านมีประวัติเดินทางจากพื้นที่เสี่ยง ให้กักตัว 14 วัน พร้อมเฝ้าระวังอาการ ถ้ามีอาการไข้ ร่วมกับ อาการระบบทางเดินหายใจ ให้ติดต่อสถานพยาบาลทันที
68,0,1,1,0,0,0,0,0,3,ล้างมือ สวมหน้ากาก หลีกเลี่ยงที่แออัด,เนื่องจากท่านมีประวัติเดินทางจากพื้นที่เสี่ยง ให้กักตัว 14 วัน พร้อมเฝ้าระวังอาการ ถ้ามีอาการไข้ ร่วมกับ อาการระบบทางเดินหายใจ ให้ติดต่อสถานพยาบาลทันที
69,1,0,0,1,0,0,0,0,3,ล้างมือ สวมหน้ากาก หลีกเลี่ยงที่แออัด,เนื่องจากท่านมีประวัติอยู่ใกล้ชิดผู้ป่วยยืนยันCOVID-19 ให้ติดต่อเจ้าหน้าที่ควบคุมโรค เพื่อประเมิณความเสี่ยง
70,0,1,0,1,0,0,0,0,3,ล้างมือ สวมหน้ากาก หลีกเลี่ยงที่แออัด,เนื่องจากท่านมีประวัติอยู่ใกล้ชิดผู้ป่วยยืนยันCOVID-19 ให้ติดต่อเจ้าหน้าที่ควบคุมโรค เพื่อประเมิณความเสี่ยง
71,1,0,0,0,1,0,0,0,3,ล้างมือ สวมหน้ากาก หลีกเลี่ยงที่แออัด,ให้เฝ้าระวังอาการตนเอง ถ้ามีอาการไข้ ร่วมกับ อาการระบบทางเดินหายใจ (มีทั้ง 2 อาการ) ให้ติดต่อสถานพยาบาลทันที
72,0,1,0,0,1,0,0,0,3,ล้างมือ สวมหน้ากาก หลีกเลี่ยงที่แออัด,ให้เฝ้าระวังอาการตนเอง ถ้ามีอาการไข้ ร่วมกับ อาการระบบทางเดินหายใจ (มีทั้ง 2 อาการ) ให้ติดต่อสถานพยาบาลทันที
73,1,0,0,0,0,1,0,0,3,ล้างมือ สวมหน้ากาก หลีกเลี่ยงที่แออัด,ให้เฝ้าระวังอาการตนเอง ถ้ามีอาการไข้ ร่วมกับ อาการระบบทางเดินหายใจ (มีทั้ง 2 อาการ) ให้ติดต่อสถานพยาบาลทันที
74,0,1,0,0,0,1,0,0,3,ล้างมือ สวมหน้ากาก หลีกเลี่ยงที่แออัด,ให้เฝ้าระวังอาการตนเอง ถ้ามีอาการไข้ ร่วมกับ อาการระบบทางเดินหายใจ (มีทั้ง 2 อาการ) ให้ติดต่อสถานพยาบาลทันที
75,1,0,0,0,0,0,1,0,3,ล้างมือ สวมหน้ากาก หลีกเลี่ยงที่แออัด,ให้เฝ้าระวังอาการตนเอง ถ้ามีอาการไข้ ร่วมกับ อาการระบบทางเดินหายใจ (มีทั้ง 2 อาการ) ให้ติดต่อสถานพยาบาลทันที
76,0,1,0,0,0,0,1,0,3,ล้างมือ สวมหน้ากาก หลีกเลี่ยงที่แออัด,ให้เฝ้าระวังอาการตนเอง ถ้ามีอาการไข้ ร่วมกับ อาการระบบทางเดินหายใจ (มีทั้ง 2 อาการ) ให้ติดต่อสถานพยาบาลทันที
77,1,0,0,0,0,0,0,1,3,ล้างมือ สวมหน้ากาก หลีกเลี่ยงที่แออัด,ให้เฝ้าระวังอาการตนเอง ถ้ามีอาการไข้ ร่วมกับ อาการระบบทางเดินหายใจ (มีทั้ง 2 อาการ) ให้ติดต่อสถานพยาบาลทันที
78,0,1,0,0,0,0,0,1,3,ล้างมือ สวมหน้ากาก หลีกเลี่ยงที่แออัด,ให้เฝ้าระวังอาการตนเอง ถ้ามีอาการไข้ ร่วมกับ อาการระบบทางเดินหายใจ (มีทั้ง 2 อาการ) ให้ติดต่อสถานพยาบาลทันที
79,1,0,1,1,0,0,0,0,3,ล้างมือ สวมหน้ากาก หลีกเลี่ยงที่แออัด,เนื่องจากท่านมีประวัติอยู่ใกล้ชิดผู้ป่วยยืนยันCOVID-19 ให้ติดต่อเจ้าหน้าที่ควบคุมโรค เพื่อประเมิณความเสี่ยง
80,0,1,1,1,0,0,0,0,3,ล้างมือ สวมหน้ากาก หลีกเลี่ยงที่แออัด,เนื่องจากท่านมีประวัติอยู่ใกล้ชิดผู้ป่วยยืนยันCOVID-19 ให้ติดต่อเจ้าหน้าที่ควบคุมโรค เพื่อประเมิณความเสี่ยง
81,1,0,1,0,1,0,0,0,3,ล้างมือ สวมหน้ากาก หลีกเลี่ยงที่แออัด,เนื่องจากท่านมีประวัติเดินทางจากพื้นที่เสี่ยง ให้กักตัว 14 วัน พร้อมเฝ้าระวังอาการ ถ้ามีอาการไข้ ร่วมกับ อาการระบบทางเดินหายใจ ให้ติดต่อสถานพยาบาลทันที
82,0,1,1,0,1,0,0,0,3,ล้างมือ สวมหน้ากาก หลีกเลี่ยงที่แออัด,เนื่องจากท่านมีประวัติเดินทางจากพื้นที่เสี่ยง ให้กักตัว 14 วัน พร้อมเฝ้าระวังอาการ ถ้ามีอาการไข้ ร่วมกับ อาการระบบทางเดินหายใจ ให้ติดต่อสถานพยาบาลทันที
83,1,0,0,1,1,0,0,0,3,ล้างมือ สวมหน้ากาก หลีกเลี่ยงที่แออัด,เนื่องจากท่านมีประวัติอยู่ใกล้ชิดผู้ป่วยยืนยันCOVID-19 ให้ติดต่อเจ้าหน้าที่ควบคุมโรค เพื่อประเมิณความเสี่ยง
84,0,1,0,1,1,0,0,0,3,ล้างมือ สวมหน้ากาก หลีกเลี่ยงที่แออัด,เนื่องจากท่านมีประวัติอยู่ใกล้ชิดผู้ป่วยยืนยันCOVID-19 ให้ติดต่อเจ้าหน้าที่ควบคุมโรค เพื่อประเมิณความเสี่ยง
85,1,0,1,0,0,1,0,0,3,ล้างมือ สวมหน้ากาก หลีกเลี่ยงที่แออัด,เนื่องจากท่านมีประวัติเดินทางจากพื้นที่เสี่ยง ให้กักตัว 14 วัน พร้อมเฝ้าระวังอาการ ถ้ามีอาการไข้ ร่วมกับ อาการระบบทางเดินหายใจ ให้ติดต่อสถานพยาบาลทันที
86,0,1,1,0,0,1,0,0,3,ล้างมือ สวมหน้ากาก หลีกเลี่ยงที่แออัด,เนื่องจากท่านมีประวัติเดินทางจากพื้นที่เสี่ยง ให้กักตัว 14 วัน พร้อมเฝ้าระวังอาการ ถ้ามีอาการไข้ ร่วมกับ อาการระบบทางเดินหายใจ ให้ติดต่อสถานพยาบาลทันที
87,1,0,0,1,0,1,0,0,3,ล้างมือ สวมหน้ากาก หลีกเลี่ยงที่แออัด,เนื่องจากท่านมีประวัติอยู่ใกล้ชิดผู้ป่วยยืนยันCOVID-19 ให้ติดต่อเจ้าหน้าที่ควบคุมโรค เพื่อประเมิณความเสี่ยง
88,0,1,0,1,0,1,0,0,3,ล้างมือ สวมหน้ากาก หลีกเลี่ยงที่แออัด,เนื่องจากท่านมีประวัติอยู่ใกล้ชิดผู้ป่วยยืนยันCOVID-19 ให้ติดต่อเจ้าหน้าที่ควบคุมโรค เพื่อประเมิณความเสี่ยง
89,1,0,0,0,1,1,0,0,3,ล้างมือ สวมหน้ากาก หลีกเลี่ยงที่แออัด,ให้เฝ้าระวังอาการตนเอง ถ้ามีอาการไข้ ร่วมกับ อาการระบบทางเดินหายใจ (มีทั้ง 2 อาการ) ให้ติดต่อสถานพยาบาลทันที
90,0,1,0,0,1,1,0,0,3,ล้างมือ สวมหน้ากาก หลีกเลี่ยงที่แออัด,ให้เฝ้าระวังอาการตนเอง ถ้ามีอาการไข้ ร่วมกับ อาการระบบทางเดินหายใจ (มีทั้ง 2 อาการ) ให้ติดต่อสถานพยาบาลทันที
91,1,0,1,0,0,0,1,0,3,ล้างมือ สวมหน้ากาก หลีกเลี่ยงที่แออัด,เนื่องจากท่านมีประวัติเดินทางจากพื้นที่เสี่ยง ให้กักตัว 14 วัน พร้อมเฝ้าระวังอาการ ถ้ามีอาการไข้ ร่วมกับ อาการระบบทางเดินหายใจ ให้ติดต่อสถานพยาบาลทันที
92,0,1,1,0,0,0,1,0,3,ล้างมือ สวมหน้ากาก หลีกเลี่ยงที่แออัด,เนื่องจากท่านมีประวัติเดินทางจากพื้นที่เสี่ยง ให้กักตัว 14 วัน พร้อมเฝ้าระวังอาการ ถ้ามีอาการไข้ ร่วมกับ อาการระบบทางเดินหายใจ ให้ติดต่อสถานพยาบาลทันที
93,1,0,0,1,0,0,1,0,3,ล้างมือ สวมหน้ากาก หลีกเลี่ยงที่แออัด,เนื่องจากท่านมีประวัติอยู่ใกล้ชิดผู้ป่วยยืนยันCOVID-19 ให้ติดต่อเจ้าหน้าที่ควบคุมโรค เพื่อประเมิณความเสี่ยง
94,0,1,0,1,0,0,1,0,3,ล้างมือ สวมหน้ากาก หลีกเลี่ยงที่แออัด,เนื่องจากท่านมีประวัติอยู่ใกล้ชิดผู้ป่วยยืนยันCOVID-19 ให้ติดต่อเจ้าหน้าที่ควบคุมโรค เพื่อประเมิณความเสี่ยง
95,1,0,0,0,1,0,1,0,3,ล้างมือ สวมหน้ากาก หลีกเลี่ยงที่แออัด,ให้เฝ้าระวังอาการตนเอง ถ้ามีอาการไข้ ร่วมกับ อาการระบบทางเดินหายใจ (มีทั้ง 2 อาการ) ให้ติดต่อสถานพยาบาลทันที
96,0,1,0,0,1,0,1,0,3,ล้างมือ สวมหน้ากาก หลีกเลี่ยงที่แออัด,ให้เฝ้าระวังอาการตนเอง ถ้ามีอาการไข้ ร่วมกับ อาการระบบทางเดินหายใจ (มีทั้ง 2 อาการ) ให้ติดต่อสถานพยาบาลทันที
97,1,0,0,0,0,1,1,0,3,ล้างมือ สวมหน้ากาก หลีกเลี่ยงที่แออัด,ให้เฝ้าระวังอาการตนเอง ถ้ามีอาการไข้ ร่วมกับ อาการระบบทางเดินหายใจ (มีทั้ง 2 อาการ) ให้ติดต่อสถานพยาบาลทันที
98,0,1,0,0,0,1,1,0,3,ล้างมือ สวมหน้ากาก หลีกเลี่ยงที่แออัด,ให้เฝ้าระวังอาการตนเอง ถ้ามีอาการไข้ ร่วมกับ อาการระบบทางเดินหายใจ (มีทั้ง 2 อาการ) ให้ติดต่อสถานพยาบาลทันที
99,1,0,1,0,0,0,0,1,3,ล้างมือ สวมหน้ากาก หลีกเลี่ยงที่แออัด,เนื่องจากท่านมีประวัติเดินทางจากพื้นที่เสี่ยง ให้กักตัว 14 วัน พร้อมเฝ้าระวังอาการ ถ้ามีอาการไข้ ร่วมกับ อาการระบบทางเดินหายใจ ให้ติดต่อสถานพยาบาลทันที
100,0,1,1,0,0,0,0,1,3,ล้างมือ สวมหน้ากาก หลีกเลี่ยงที่แออัด,เนื่องจากท่านมีประวัติเดินทางจากพื้นที่เสี่ยง ให้กักตัว 14 วัน พร้อมเฝ้าระวังอาการ ถ้ามีอาการไข้ ร่วมกับ อาการระบบทางเดินหายใจ ให้ติดต่อสถานพยาบาลทันที
101,1,0,0,1,0,0,0,1,3,ล้างมือ สวมหน้ากาก หลีกเลี่ยงที่แออัด,เนื่องจากท่านมีประวัติอยู่ใกล้ชิดผู้ป่วยยืนยันCOVID-19 ให้ติดต่อเจ้าหน้าที่ควบคุมโรค เพื่อประเมิณความเสี่ยง
102,0,1,0,1,0,0,0,1,3,ล้างมือ สวมหน้ากาก หลีกเลี่ยงที่แออัด,เนื่องจากท่านมีประวัติอยู่ใกล้ชิดผู้ป่วยยืนยันCOVID-19 ให้ติดต่อเจ้าหน้าที่ควบคุมโรค เพื่อประเมิณความเสี่ยง
103,1,0,0,0,1,0,0,1,3,ล้างมือ สวมหน้ากาก หลีกเลี่ยงที่แออัด,ให้เฝ้าระวังอาการตนเอง ถ้ามีอาการไข้ ร่วมกับ อาการระบบทางเดินหายใจ (มีทั้ง 2 อาการ) ให้ติดต่อสถานพยาบาลทันที
104,0,1,0,0,1,0,0,1,3,ล้างมือ สวมหน้ากาก หลีกเลี่ยงที่แออัด,ให้เฝ้าระวังอาการตนเอง ถ้ามีอาการไข้ ร่วมกับ อาการระบบทางเดินหายใจ (มีทั้ง 2 อาการ) ให้ติดต่อสถานพยาบาลทันที
105,1,0,0,0,0,1,0,1,3,ล้างมือ สวมหน้ากาก หลีกเลี่ยงที่แออัด,ให้เฝ้าระวังอาการตนเอง ถ้ามีอาการไข้ ร่วมกับ อาการระบบทางเดินหายใจ (มีทั้ง 2 อาการ) ให้ติดต่อสถานพยาบาลทันที
106,0,1,0,0,0,1,0,1,3,ล้างมือ สวมหน้ากาก หลีกเลี่ยงที่แออัด,ให้เฝ้าระวังอาการตนเอง ถ้ามีอาการไข้ ร่วมกับ อาการระบบทางเดินหายใจ (มีทั้ง 2 อาการ) ให้ติดต่อสถานพยาบาลทันที
107,1,0,0,0,0,0,1,1,3,ล้างมือ สวมหน้ากาก หลีกเลี่ยงที่แออัด,ให้เฝ้าระวังอาการตนเอง ถ้ามีอาการไข้ ร่วมกับ อาการระบบทางเดินหายใจ (มีทั้ง 2 อาการ) ให้ติดต่อสถานพยาบาลทันที
108,0,1,0,0,0,0,1,1,3,ล้างมือ สวมหน้ากาก หลีกเลี่ยงที่แออัด,ให้เฝ้าระวังอาการตนเอง ถ้ามีอาการไข้ ร่วมกับ อาการระบบทางเดินหายใจ (มีทั้ง 2 อาการ) ให้ติดต่อสถานพยาบาลทันที
109,1,0,1,1,1,0,0,0,3,ล้างมือ สวมหน้ากาก หลีกเลี่ยงที่แออัด,เนื่องจากท่านมีประวัติอยู่ใกล้ชิดผู้ป่วยยืนยันCOVID-19 ให้ติดต่อเจ้าหน้าที่ควบคุมโรค เพื่อประเมิณความเสี่ยง
110,0,1,1,1,1,0,0,0,3,ล้างมือ สวมหน้ากาก หลีกเลี่ยงที่แออัด,เนื่องจากท่านมีประวัติอยู่ใกล้ชิดผู้ป่วยยืนยันCOVID-19 ให้ติดต่อเจ้าหน้าที่ควบคุมโรค เพื่อประเมิณความเสี่ยง
111,1,0,1,1,0,1,0,0,3,ล้างมือ สวมหน้ากาก หลีกเลี่ยงที่แออัด,เนื่องจากท่านมีประวัติอยู่ใกล้ชิดผู้ป่วยยืนยันCOVID-19 ให้ติดต่อเจ้าหน้าที่ควบคุมโรค เพื่อประเมิณความเสี่ยง
112,0,1,1,1,0,1,0,0,3,ล้างมือ สวมหน้ากาก หลีกเลี่ยงที่แออัด,เนื่องจากท่านมีประวัติอยู่ใกล้ชิดผู้ป่วยยืนยันCOVID-19 ให้ติดต่อเจ้าหน้าที่ควบคุมโรค เพื่อประเมิณความเสี่ยง
113,1,0,1,0,1,1,0,0,3,ล้างมือ สวมหน้ากาก หลีกเลี่ยงที่แออัด,เนื่องจากท่านมีประวัติเดินทางจากพื้นที่เสี่ยง ให้กักตัว 14 วัน พร้อมเฝ้าระวังอาการ ถ้ามีอาการไข้ ร่วมกับ อาการระบบทางเดินหายใจ ให้ติดต่อสถานพยาบาลทันที
114,0,1,1,0,1,1,0,0,3,ล้างมือ สวมหน้ากาก หลีกเลี่ยงที่แออัด,เนื่องจากท่านมีประวัติเดินทางจากพื้นที่เสี่ยง ให้กักตัว 14 วัน พร้อมเฝ้าระวังอาการ ถ้ามีอาการไข้ ร่วมกับ อาการระบบทางเดินหายใจ ให้ติดต่อสถานพยาบาลทันที
115,1,0,0,1,1,1,0,0,3,ล้างมือ สวมหน้ากาก หลีกเลี่ยงที่แออัด,เนื่องจากท่านมีประวัติอยู่ใกล้ชิดผู้ป่วยยืนยันCOVID-19 ให้ติดต่อเจ้าหน้าที่ควบคุมโรค เพื่อประเมิณความเสี่ยง
116,0,1,0,1,1,1,0,0,3,ล้างมือ สวมหน้ากาก หลีกเลี่ยงที่แออัด,เนื่องจากท่านมีประวัติอยู่ใกล้ชิดผู้ป่วยยืนยันCOVID-19 ให้ติดต่อเจ้าหน้าที่ควบคุมโรค เพื่อประเมิณความเสี่ยง
117,1,0,1,1,0,0,1,0,3,ล้างมือ สวมหน้ากาก หลีกเลี่ยงที่แออัด,เนื่องจากท่านมีประวัติอยู่ใกล้ชิดผู้ป่วยยืนยันCOVID-19 ให้ติดต่อเจ้าหน้าที่ควบคุมโรค เพื่อประเมิณความเสี่ยง
118,0,1,1,1,0,0,1,0,3,ล้างมือ สวมหน้ากาก หลีกเลี่ยงที่แออัด,เนื่องจากท่านมีประวัติอยู่ใกล้ชิดผู้ป่วยยืนยันCOVID-19 ให้ติดต่อเจ้าหน้าที่ควบคุมโรค เพื่อประเมิณความเสี่ยง
119,1,0,1,0,1,0,1,0,3,ล้างมือ สวมหน้ากาก หลีกเลี่ยงที่แออัด,เนื่องจากท่านมีประวัติเดินทางจากพื้นที่เสี่ยง ให้กักตัว 14 วัน พร้อมเฝ้าระวังอาการ ถ้ามีอาการไข้ ร่วมกับ อาการระบบทางเดินหายใจ ให้ติดต่อสถานพยาบาลทันที
120,0,1,1,0,1,0,1,0,3,ล้างมือ สวมหน้ากาก หลีกเลี่ยงที่แออัด,เนื่องจากท่านมีประวัติเดินทางจากพื้นที่เสี่ยง ให้กักตัว 14 วัน พร้อมเฝ้าระวังอาการ ถ้ามีอาการไข้ ร่วมกับ อาการระบบทางเดินหายใจ ให้ติดต่อสถานพยาบาลทันที
121,1,0,0,1,1,0,1,0,3,ล้างมือ สวมหน้ากาก หลีกเลี่ยงที่แออัด,เนื่องจากท่านมีประวัติอยู่ใกล้ชิดผู้ป่วยยืนยันCOVID-19 ให้ติดต่อเจ้าหน้าที่ควบคุมโรค เพื่อประเมิณความเสี่ยง
122,0,1,0,1,1,0,1,0,3,ล้างมือ สวมหน้ากาก หลีกเลี่ยงที่แออัด,เนื่องจากท่านมีประวัติอยู่ใกล้ชิดผู้ป่วยยืนยันCOVID-19 ให้ติดต่อเจ้าหน้าที่ควบคุมโรค เพื่อประเมิณความเสี่ยง
123,1,0,1,0,0,1,1,0,3,ล้างมือ สวมหน้ากาก หลีกเลี่ยงที่แออัด,เนื่องจากท่านมีประวัติเดินทางจากพื้นที่เสี่ยง ให้กักตัว 14 วัน พร้อมเฝ้าระวังอาการ ถ้ามีอาการไข้ ร่วมกับ อาการระบบทางเดินหายใจ ให้ติดต่อสถานพยาบาลทันที
124,0,1,1,0,0,1,1,0,3,ล้างมือ สวมหน้ากาก หลีกเลี่ยงที่แออัด,เนื่องจากท่านมีประวัติเดินทางจากพื้นที่เสี่ยง ให้กักตัว 14 วัน พร้อมเฝ้าระวังอาการ ถ้ามีอาการไข้ ร่วมกับ อาการระบบทางเดินหายใจ ให้ติดต่อสถานพยาบาลทันที
125,1,0,0,1,0,1,1,0,3,ล้างมือ สวมหน้ากาก หลีกเลี่ยงที่แออัด,เนื่องจากท่านมีประวัติอยู่ใกล้ชิดผู้ป่วยยืนยันCOVID-19 ให้ติดต่อเจ้าหน้าที่ควบคุมโรค เพื่อประเมิณความเสี่ยง
126,0,1,0,1,0,1,1,0,3,ล้างมือ สวมหน้ากาก หลีกเลี่ยงที่แออัด,เนื่องจากท่านมีประวัติอยู่ใกล้ชิดผู้ป่วยยืนยันCOVID-19 ให้ติดต่อเจ้าหน้าที่ควบคุมโรค เพื่อประเมิณความเสี่ยง
127,1,0,0,0,1,1,1,0,3,ล้างมือ สวมหน้ากาก หลีกเลี่ยงที่แออัด,ให้เฝ้าระวังอาการตนเอง ถ้ามีอาการไข้ ร่วมกับ อาการระบบทางเดินหายใจ (มีทั้ง 2 อาการ) ให้ติดต่อสถานพยาบาลทันที
128,0,1,0,0,1,1,1,0,3,ล้างมือ สวมหน้ากาก หลีกเลี่ยงที่แออัด,ให้เฝ้าระวังอาการตนเอง ถ้ามีอาการไข้ ร่วมกับ อาการระบบทางเดินหายใจ (มีทั้ง 2 อาการ) ให้ติดต่อสถานพยาบาลทันที
129,1,0,1,1,0,0,0,1,3,ล้างมือ สวมหน้ากาก หลีกเลี่ยงที่แออัด,เนื่องจากท่านมีประวัติอยู่ใกล้ชิดผู้ป่วยยืนยันCOVID-19 ให้ติดต่อเจ้าหน้าที่ควบคุมโรค เพื่อประเมิณความเสี่ยง
130,0,1,1,1,0,0,0,1,3,ล้างมือ สวมหน้ากาก หลีกเลี่ยงที่แออัด,เนื่องจากท่านมีประวัติอยู่ใกล้ชิดผู้ป่วยยืนยันCOVID-19 ให้ติดต่อเจ้าหน้าที่ควบคุมโรค เพื่อประเมิณความเสี่ยง
131,1,0,1,0,1,0,0,1,3,ล้างมือ สวมหน้ากาก หลีกเลี่ยงที่แออัด,เนื่องจากท่านมีประวัติเดินทางจากพื้นที่เสี่ยง ให้กักตัว 14 วัน พร้อมเฝ้าระวังอาการ ถ้ามีอาการไข้ ร่วมกับ อาการระบบทางเดินหายใจ ให้ติดต่อสถานพยาบาลทันที
132,0,1,1,0,1,0,0,1,3,ล้างมือ สวมหน้ากาก หลีกเลี่ยงที่แออัด,เนื่องจากท่านมีประวัติเดินทางจากพื้นที่เสี่ยง ให้กักตัว 14 วัน พร้อมเฝ้าระวังอาการ ถ้ามีอาการไข้ ร่วมกับ อาการระบบทางเดินหายใจ ให้ติดต่อสถานพยาบาลทันที
133,1,0,0,1,1,0,0,1,3,ล้างมือ สวมหน้ากาก หลีกเลี่ยงที่แออัด,เนื่องจากท่านมีประวัติอยู่ใกล้ชิดผู้ป่วยยืนยันCOVID-19 ให้ติดต่อเจ้าหน้าที่ควบคุมโรค เพื่อประเมิณความเสี่ยง
134,0,1,0,1,1,0,0,1,3,ล้างมือ สวมหน้ากาก หลีกเลี่ยงที่แออัด,เนื่องจากท่านมีประวัติอยู่ใกล้ชิดผู้ป่วยยืนยันCOVID-19 ให้ติดต่อเจ้าหน้าที่ควบคุมโรค เพื่อประเมิณความเสี่ยง
135,1,0,1,0,0,1,0,1,3,ล้างมือ สวมหน้ากาก หลีกเลี่ยงที่แออัด,เนื่องจากท่านมีประวัติเดินทางจากพื้นที่เสี่ยง ให้กักตัว 14 วัน พร้อมเฝ้าระวังอาการ ถ้ามีอาการไข้ ร่วมกับ อาการระบบทางเดินหายใจ ให้ติดต่อสถานพยาบาลทันที
136,0,1,1,0,0,1,0,1,3,ล้างมือ สวมหน้ากาก หลีกเลี่ยงที่แออัด,เนื่องจากท่านมีประวัติเดินทางจากพื้นที่เสี่ยง ให้กักตัว 14 วัน พร้อมเฝ้าระวังอาการ ถ้ามีอาการไข้ ร่วมกับ อาการระบบทางเดินหายใจ ให้ติดต่อสถานพยาบาลทันที
137,1,0,0,1,0,1,0,1,3,ล้างมือ สวมหน้ากาก หลีกเลี่ยงที่แออัด,เนื่องจากท่านมีประวัติอยู่ใกล้ชิดผู้ป่วยยืนยันCOVID-19 ให้ติดต่อเจ้าหน้าที่ควบคุมโรค เพื่อประเมิณความเสี่ยง
138,0,1,0,1,0,1,0,1,3,ล้างมือ สวมหน้ากาก หลีกเลี่ยงที่แออัด,เนื่องจากท่านมีประวัติอยู่ใกล้ชิดผู้ป่วยยืนยันCOVID-19 ให้ติดต่อเจ้าหน้าที่ควบคุมโรค เพื่อประเมิณความเสี่ยง
139,1,0,0,0,1,1,0,1,3,ล้างมือ สวมหน้ากาก หลีกเลี่ยงที่แออัด,ให้เฝ้าระวังอาการตนเอง ถ้ามีอาการไข้ ร่วมกับ อาการระบบทางเดินหายใจ (มีทั้ง 2 อาการ) ให้ติดต่อสถานพยาบาลทันที
140,0,1,0,0,1,1,0,1,3,ล้างมือ สวมหน้ากาก หลีกเลี่ยงที่แออัด,ให้เฝ้าระวังอาการตนเอง ถ้ามีอาการไข้ ร่วมกับ อาการระบบทางเดินหายใจ (มีทั้ง 2 อาการ) ให้ติดต่อสถานพยาบาลทันที
141,1,0,1,0,0,0,1,1,3,ล้างมือ สวมหน้ากาก หลีกเลี่ยงที่แออัด,เนื่องจากท่านมีประวัติเดินทางจากพื้นที่เสี่ยง ให้กักตัว 14 วัน พร้อมเฝ้าระวังอาการ ถ้ามีอาการไข้ ร่วมกับ อาการระบบทางเดินหายใจ ให้ติดต่อสถานพยาบาลทันที
142,0,1,1,0,0,0,1,1,3,ล้างมือ สวมหน้ากาก หลีกเลี่ยงที่แออัด,เนื่องจากท่านมีประวัติเดินทางจากพื้นที่เสี่ยง ให้กักตัว 14 วัน พร้อมเฝ้าระวังอาการ ถ้ามีอาการไข้ ร่วมกับ อาการระบบทางเดินหายใจ ให้ติดต่อสถานพยาบาลทันที
143,1,0,0,1,0,0,1,1,3,ล้างมือ สวมหน้ากาก หลีกเลี่ยงที่แออัด,เนื่องจากท่านมีประวัติอยู่ใกล้ชิดผู้ป่วยยืนยันCOVID-19 ให้ติดต่อเจ้าหน้าที่ควบคุมโรค เพื่อประเมิณความเสี่ยง
144,0,1,0,1,0,0,1,1,3,ล้างมือ สวมหน้ากาก หลีกเลี่ยงที่แออัด,เนื่องจากท่านมีประวัติอยู่ใกล้ชิดผู้ป่วยยืนยันCOVID-19 ให้ติดต่อเจ้าหน้าที่ควบคุมโรค เพื่อประเมิณความเสี่ยง
145,1,0,0,0,1,0,1,1,3,ล้างมือ สวมหน้ากาก หลีกเลี่ยงที่แออัด,ให้เฝ้าระวังอาการตนเอง ถ้ามีอาการไข้ ร่วมกับ อาการระบบทางเดินหายใจ (มีทั้ง 2 อาการ) ให้ติดต่อสถานพยาบาลทันที
146,0,1,0,0,1,0,1,1,3,ล้างมือ สวมหน้ากาก หลีกเลี่ยงที่แออัด,ให้เฝ้าระวังอาการตนเอง ถ้ามีอาการไข้ ร่วมกับ อาการระบบทางเดินหายใจ (มีทั้ง 2 อาการ) ให้ติดต่อสถานพยาบาลทันที
147,1,0,0,0,0,1,1,1,3,ล้างมือ สวมหน้ากาก หลีกเลี่ยงที่แออัด,ให้เฝ้าระวังอาการตนเอง ถ้ามีอาการไข้ ร่วมกับ อาการระบบทางเดินหายใจ (มีทั้ง 2 อาการ) ให้ติดต่อสถานพยาบาลทันที
148,0,1,0,0,0,1,1,1,3,ล้างมือ สวมหน้ากาก หลีกเลี่ยงที่แออัด,ให้เฝ้าระวังอาการตนเอง ถ้ามีอาการไข้ ร่วมกับ อาการระบบทางเดินหายใจ (มีทั้ง 2 อาการ) ให้ติดต่อสถานพยาบาลทันที
149,1,0,1,1,1,1,0,0,3,ล้างมือ สวมหน้ากาก หลีกเลี่ยงที่แออัด,เนื่องจากท่านมีประวัติอยู่ใกล้ชิดผู้ป่วยยืนยันCOVID-19 ให้ติดต่อเจ้าหน้าที่ควบคุมโรค เพื่อประเมิณความเสี่ยง
150,0,1,1,1,1,1,0,0,3,ล้างมือ สวมหน้ากาก หลีกเลี่ยงที่แออัด,เนื่องจากท่านมีประวัติอยู่ใกล้ชิดผู้ป่วยยืนยันCOVID-19 ให้ติดต่อเจ้าหน้าที่ควบคุมโรค เพื่อประเมิณความเสี่ยง
151,1,0,1,1,1,0,1,0,3,ล้างมือ สวมหน้ากาก หลีกเลี่ยงที่แออัด,เนื่องจากท่านมีประวัติอยู่ใกล้ชิดผู้ป่วยยืนยันCOVID-19 ให้ติดต่อเจ้าหน้าที่ควบคุมโรค เพื่อประเมิณความเสี่ยง
152,0,1,1,1,1,0,1,0,3,ล้างมือ สวมหน้ากาก หลีกเลี่ยงที่แออัด,เนื่องจากท่านมีประวัติอยู่ใกล้ชิดผู้ป่วยยืนยันCOVID-19 ให้ติดต่อเจ้าหน้าที่ควบคุมโรค เพื่อประเมิณความเสี่ยง
153,1,0,1,1,0,1,1,0,3,ล้างมือ สวมหน้ากาก หลีกเลี่ยงที่แออัด,เนื่องจากท่านมีประวัติอยู่ใกล้ชิดผู้ป่วยยืนยันCOVID-19 ให้ติดต่อเจ้าหน้าที่ควบคุมโรค เพื่อประเมิณความเสี่ยง
154,0,1,1,1,0,1,1,0,3,ล้างมือ สวมหน้ากาก หลีกเลี่ยงที่แออัด,เนื่องจากท่านมีประวัติอยู่ใกล้ชิดผู้ป่วยยืนยันCOVID-19 ให้ติดต่อเจ้าหน้าที่ควบคุมโรค เพื่อประเมิณความเสี่ยง
155,1,0,1,0,1,1,1,0,3,ล้างมือ สวมหน้ากาก หลีกเลี่ยงที่แออัด,เนื่องจากท่านมีประวัติเดินทางจากพื้นที่เสี่ยง ให้กักตัว 14 วัน พร้อมเฝ้าระวังอาการ ถ้ามีอาการไข้ ร่วมกับ อาการระบบทางเดินหายใจ ให้ติดต่อสถานพยาบาลทันที
156,0,1,1,0,1,1,1,0,3,ล้างมือ สวมหน้ากาก หลีกเลี่ยงที่แออัด,เนื่องจากท่านมีประวัติเดินทางจากพื้นที่เสี่ยง ให้กักตัว 14 วัน พร้อมเฝ้าระวังอาการ ถ้ามีอาการไข้ ร่วมกับ อาการระบบทางเดินหายใจ ให้ติดต่อสถานพยาบาลทันที
157,1,0,0,1,1,1,1,0,3,ล้างมือ สวมหน้ากาก หลีกเลี่ยงที่แออัด,เนื่องจากท่านมีประวัติอยู่ใกล้ชิดผู้ป่วยยืนยันCOVID-19 ให้ติดต่อเจ้าหน้าที่ควบคุมโรค เพื่อประเมิณความเสี่ยง
158,0,1,0,1,1,1,1,0,3,ล้างมือ สวมหน้ากาก หลีกเลี่ยงที่แออัด,เนื่องจากท่านมีประวัติอยู่ใกล้ชิดผู้ป่วยยืนยันCOVID-19 ให้ติดต่อเจ้าหน้าที่ควบคุมโรค เพื่อประเมิณความเสี่ยง
159,1,0,1,1,1,0,0,1,3,ล้างมือ สวมหน้ากาก หลีกเลี่ยงที่แออัด,เนื่องจากท่านมีประวัติอยู่ใกล้ชิดผู้ป่วยยืนยันCOVID-19 ให้ติดต่อเจ้าหน้าที่ควบคุมโรค เพื่อประเมิณความเสี่ยง
160,0,1,1,1,1,0,0,1,3,ล้างมือ สวมหน้ากาก หลีกเลี่ยงที่แออัด,เนื่องจากท่านมีประวัติอยู่ใกล้ชิดผู้ป่วยยืนยันCOVID-19 ให้ติดต่อเจ้าหน้าที่ควบคุมโรค เพื่อประเมิณความเสี่ยง
161,1,0,1,1,0,1,0,1,3,ล้างมือ สวมหน้ากาก หลีกเลี่ยงที่แออัด,เนื่องจากท่านมีประวัติอยู่ใกล้ชิดผู้ป่วยยืนยันCOVID-19 ให้ติดต่อเจ้าหน้าที่ควบคุมโรค เพื่อประเมิณความเสี่ยง
162,0,1,1,1,0,1,0,1,3,ล้างมือ สวมหน้ากาก หลีกเลี่ยงที่แออัด,เนื่องจากท่านมีประวัติอยู่ใกล้ชิดผู้ป่วยยืนยันCOVID-19 ให้ติดต่อเจ้าหน้าที่ควบคุมโรค เพื่อประเมิณความเสี่ยง
163,1,0,1,0,1,1,0,1,3,ล้างมือ สวมหน้ากาก หลีกเลี่ยงที่แออัด,เนื่องจากท่านมีประวัติเดินทางจากพื้นที่เสี่ยง ให้กักตัว 14 วัน พร้อมเฝ้าระวังอาการ ถ้ามีอาการไข้ ร่วมกับ อาการระบบทางเดินหายใจ ให้ติดต่อสถานพยาบาลทันที
164,0,1,1,0,1,1,0,1,3,ล้างมือ สวมหน้ากาก หลีกเลี่ยงที่แออัด,เนื่องจากท่านมีประวัติเดินทางจากพื้นที่เสี่ยง ให้กักตัว 14 วัน พร้อมเฝ้าระวังอาการ ถ้ามีอาการไข้ ร่วมกับ อาการระบบทางเดินหายใจ ให้ติดต่อสถานพยาบาลทันที
165,1,0,0,1,1,1,0,1,3,ล้างมือ สวมหน้ากาก หลีกเลี่ยงที่แออัด,เนื่องจากท่านมีประวัติอยู่ใกล้ชิดผู้ป่วยยืนยันCOVID-19 ให้ติดต่อเจ้าหน้าที่ควบคุมโรค เพื่อประเมิณความเสี่ยง
166,0,1,0,1,1,1,0,1,3,ล้างมือ สวมหน้ากาก หลีกเลี่ยงที่แออัด,เนื่องจากท่านมีประวัติอยู่ใกล้ชิดผู้ป่วยยืนยันCOVID-19 ให้ติดต่อเจ้าหน้าที่ควบคุมโรค เพื่อประเมิณความเสี่ยง
167,1,0,1,1,0,0,1,1,3,ล้างมือ สวมหน้ากาก หลีกเลี่ยงที่แออัด,เนื่องจากท่านมีประวัติอยู่ใกล้ชิดผู้ป่วยยืนยันCOVID-19 ให้ติดต่อเจ้าหน้าที่ควบคุมโรค เพื่อประเมิณความเสี่ยง
168,0,1,1,1,0,0,1,1,3,ล้างมือ สวมหน้ากาก หลีกเลี่ยงที่แออัด,เนื่องจากท่านมีประวัติอยู่ใกล้ชิดผู้ป่วยยืนยันCOVID-19 ให้ติดต่อเจ้าหน้าที่ควบคุมโรค เพื่อประเมิณความเสี่ยง
169,1,0,1,0,1,0,1,1,3,ล้างมือ สวมหน้ากาก หลีกเลี่ยงที่แออัด,เนื่องจากท่านมีประวัติเดินทางจากพื้นที่เสี่ยง ให้กักตัว 14 วัน พร้อมเฝ้าระวังอาการ ถ้ามีอาการไข้ ร่วมกับ อาการระบบทางเดินหายใจ ให้ติดต่อสถานพยาบาลทันที
170,0,1,1,0,1,0,1,1,3,ล้างมือ สวมหน้ากาก หลีกเลี่ยงที่แออัด,เนื่องจากท่านมีประวัติเดินทางจากพื้นที่เสี่ยง ให้กักตัว 14 วัน พร้อมเฝ้าระวังอาการ ถ้ามีอาการไข้ ร่วมกับ อาการระบบทางเดินหายใจ ให้ติดต่อสถานพยาบาลทันที
171,1,0,0,1,1,0,1,1,3,ล้างมือ สวมหน้ากาก หลีกเลี่ยงที่แออัด,เนื่องจากท่านมีประวัติอยู่ใกล้ชิดผู้ป่วยยืนยันCOVID-19 ให้ติดต่อเจ้าหน้าที่ควบคุมโรค เพื่อประเมิณความเสี่ยง
172,0,1,0,1,1,0,1,1,3,ล้างมือ สวมหน้ากาก หลีกเลี่ยงที่แออัด,เนื่องจากท่านมีประวัติอยู่ใกล้ชิดผู้ป่วยยืนยันCOVID-19 ให้ติดต่อเจ้าหน้าที่ควบคุมโรค เพื่อประเมิณความเสี่ยง
173,1,0,1,0,0,1,1,1,3,ล้างมือ สวมหน้ากาก หลีกเลี่ยงที่แออัด,เนื่องจากท่านมีประวัติเดินทางจากพื้นที่เสี่ยง ให้กักตัว 14 วัน พร้อมเฝ้าระวังอาการ ถ้ามีอาการไข้ ร่วมกับ อาการระบบทางเดินหายใจ ให้ติดต่อสถานพยาบาลทันที
174,0,1,1,0,0,1,1,1,3,ล้างมือ สวมหน้ากาก หลีกเลี่ยงที่แออัด,เนื่องจากท่านมีประวัติเดินทางจากพื้นที่เสี่ยง ให้กักตัว 14 วัน พร้อมเฝ้าระวังอาการ ถ้ามีอาการไข้ ร่วมกับ อาการระบบทางเดินหายใจ ให้ติดต่อสถานพยาบาลทันที
175,1,0,0,1,0,1,1,1,3,ล้างมือ สวมหน้ากาก หลีกเลี่ยงที่แออัด,เนื่องจากท่านมีประวัติอยู่ใกล้ชิดผู้ป่วยยืนยันCOVID-19 ให้ติดต่อเจ้าหน้าที่ควบคุมโรค เพื่อประเมิณความเสี่ยง
176,0,1,0,1,0,1,1,1,3,ล้างมือ สวมหน้ากาก หลีกเลี่ยงที่แออัด,เนื่องจากท่านมีประวัติอยู่ใกล้ชิดผู้ป่วยยืนยันCOVID-19 ให้ติดต่อเจ้าหน้าที่ควบคุมโรค เพื่อประเมิณความเสี่ยง
177,1,0,0,0,1,1,1,1,3,ล้างมือ สวมหน้ากาก หลีกเลี่ยงที่แออัด,ให้เฝ้าระวังอาการตนเอง ถ้ามีอาการไข้ ร่วมกับ อาการระบบทางเดินหายใจ (มีทั้ง 2 อาการ) ให้ติดต่อสถานพยาบาลทันที
178,0,1,0,0,1,1,1,1,3,ล้างมือ สวมหน้ากาก หลีกเลี่ยงที่แออัด,ให้เฝ้าระวังอาการตนเอง ถ้ามีอาการไข้ ร่วมกับ อาการระบบทางเดินหายใจ (มีทั้ง 2 อาการ) ให้ติดต่อสถานพยาบาลทันที
179,1,0,1,1,1,1,1,0,3,ล้างมือ สวมหน้ากาก หลีกเลี่ยงที่แออัด,เนื่องจากท่านมีประวัติอยู่ใกล้ชิดผู้ป่วยยืนยันCOVID-19 ให้ติดต่อเจ้าหน้าที่ควบคุมโรค เพื่อประเมิณความเสี่ยง
180,0,1,1,1,1,1,1,0,3,ล้างมือ สวมหน้ากาก หลีกเลี่ยงที่แออัด,เนื่องจากท่านมีประวัติอยู่ใกล้ชิดผู้ป่วยยืนยันCOVID-19 ให้ติดต่อเจ้าหน้าที่ควบคุมโรค เพื่อประเมิณความเสี่ยง
181,1,0,1,1,1,1,0,1,3,ล้างมือ สวมหน้ากาก หลีกเลี่ยงที่แออัด,เนื่องจากท่านมีประวัติอยู่ใกล้ชิดผู้ป่วยยืนยันCOVID-19 ให้ติดต่อเจ้าหน้าที่ควบคุมโรค เพื่อประเมิณความเสี่ยง
182,0,1,1,1,1,1,0,1,3,ล้างมือ สวมหน้ากาก หลีกเลี่ยงที่แออัด,เนื่องจากท่านมีประวัติอยู่ใกล้ชิดผู้ป่วยยืนยันCOVID-19 ให้ติดต่อเจ้าหน้าที่ควบคุมโรค เพื่อประเมิณความเสี่ยง
183,1,0,1,1,1,0,1,1,3,ล้างมือ สวมหน้ากาก หลีกเลี่ยงที่แออัด,เนื่องจากท่านมีประวัติอยู่ใกล้ชิดผู้ป่วยยืนยันCOVID-19 ให้ติดต่อเจ้าหน้าที่ควบคุมโรค เพื่อประเมิณความเสี่ยง
184,0,1,1,1,1,0,1,1,3,ล้างมือ สวมหน้ากาก หลีกเลี่ยงที่แออัด,เนื่องจากท่านมีประวัติอยู่ใกล้ชิดผู้ป่วยยืนยันCOVID-19 ให้ติดต่อเจ้าหน้าที่ควบคุมโรค เพื่อประเมิณความเสี่ยง
185,1,0,1,1,0,1,1,1,3,ล้างมือ สวมหน้ากาก หลีกเลี่ยงที่แออัด,เนื่องจากท่านมีประวัติอยู่ใกล้ชิดผู้ป่วยยืนยันCOVID-19 ให้ติดต่อเจ้าหน้าที่ควบคุมโรค เพื่อประเมิณความเสี่ยง
186,0,1,1,1,0,1,1,1,3,ล้างมือ สวมหน้ากาก หลีกเลี่ยงที่แออัด,เนื่องจากท่านมีประวัติอยู่ใกล้ชิดผู้ป่วยยืนยันCOVID-19 ให้ติดต่อเจ้าหน้าที่ควบคุมโรค เพื่อประเมิณความเสี่ยง
187,1,0,1,0,1,1,1,1,3,ล้างมือ สวมหน้ากาก หลีกเลี่ยงที่แออัด,เนื่องจากท่านมีประวัติเดินทางจากพื้นที่เสี่ยง ให้กักตัว 14 วัน พร้อมเฝ้าระวังอาการ ถ้ามีอาการไข้ ร่วมกับ อาการระบบทางเดินหายใจ ให้ติดต่อสถานพยาบาลทันที
188,0,1,1,0,1,1,1,1,3,ล้างมือ สวมหน้ากาก หลีกเลี่ยงที่แออัด,เนื่องจากท่านมีประวัติเดินทางจากพื้นที่เสี่ยง ให้กักตัว 14 วัน พร้อมเฝ้าระวังอาการ ถ้ามีอาการไข้ ร่วมกับ อาการระบบทางเดินหายใจ ให้ติดต่อสถานพยาบาลทันที
189,1,0,0,1,1,1,1,1,3,ล้างมือ สวมหน้ากาก หลีกเลี่ยงที่แออัด,เนื่องจากท่านมีประวัติอยู่ใกล้ชิดผู้ป่วยยืนยันCOVID-19 ให้ติดต่อเจ้าหน้าที่ควบคุมโรค เพื่อประเมิณความเสี่ยง
190,0,1,0,1,1,1,1,1,3,ล้างมือ สวมหน้ากาก หลีกเลี่ยงที่แออัด,เนื่องจากท่านมีประวัติอยู่ใกล้ชิดผู้ป่วยยืนยันCOVID-19 ให้ติดต่อเจ้าหน้าที่ควบคุมโรค เพื่อประเมิณความเสี่ยง
191,1,0,1,1,1,1,1,1,3,ล้างมือ สวมหน้ากาก หลีกเลี่ยงที่แออัด,เนื่องจากท่านมีประวัติอยู่ใกล้ชิดผู้ป่วยยืนยันCOVID-19 ให้ติดต่อเจ้าหน้าที่ควบคุมโรค เพื่อประเมิณความเสี่ยง
192,0,1,1,1,1,1,1,1,3,ล้างมือ สวมหน้ากาก หลีกเลี่ยงที่แออัด,เนื่องจากท่านมีประวัติอยู่ใกล้ชิดผู้ป่วยยืนยันCOVID-19 ให้ติดต่อเจ้าหน้าที่ควบคุมโรค เพื่อประเมิณความเสี่ยง
193,1,1,0,0,0,0,0,0,2,ล้างมือ สวมหน้ากาก หลีกเลี่ยงที่แออัด,อาจเป็นโรคอื่น ถ้า 2 วัน อาการไม่ดีขึ้นให้ไปพบแพทย์
194,1,1,1,0,0,0,0,0,4,ล้างมือ สวมหน้ากาก หลีกเลี่ยงที่แออัด,ให้ติดต่อสถานพยาบาลทันที
195,1,1,0,1,0,0,0,0,4,ล้างมือ สวมหน้ากาก หลีกเลี่ยงที่แออัด,ให้ติดต่อสถานพยาบาลทันที
196,1,1,0,0,1,0,0,0,4,ล้างมือ สวมหน้ากาก หลีกเลี่ยงที่แออัด,ให้ติดต่อสถานพยาบาลทันที
197,1,1,0,0,0,1,0,0,4,ล้างมือ สวมหน้ากาก หลีกเลี่ยงที่แออัด,ให้ติดต่อสถานพยาบาลทันที
198,1,1,0,0,0,0,1,0,4,ล้างมือ สวมหน้ากาก หลีกเลี่ยงที่แออัด,ให้ติดต่อสถานพยาบาลทันที
199,1,1,0,0,0,0,0,1,4,ล้างมือ สวมหน้ากาก หลีกเลี่ยงที่แออัด,ให้ติดต่อสถานพยาบาลทันที
200,1,1,1,1,0,0,0,0,4,ล้างมือ สวมหน้ากาก หลีกเลี่ยงที่แออัด,ให้ติดต่อสถานพยาบาลทันที
201,1,1,1,0,1,0,0,0,4,ล้างมือ สวมหน้ากาก หลีกเลี่ยงที่แออัด,ให้ติดต่อสถานพยาบาลทันที
202,1,1,0,1,1,0,0,0,4,ล้างมือ สวมหน้ากาก หลีกเลี่ยงที่แออัด,ให้ติดต่อสถานพยาบาลทันที
203,1,1,1,0,0,1,0,0,4,ล้างมือ สวมหน้ากาก หลีกเลี่ยงที่แออัด,ให้ติดต่อสถานพยาบาลทันที
204,1,1,0,1,0,1,0,0,4,ล้างมือ สวมหน้ากาก หลีกเลี่ยงที่แออัด,ให้ติดต่อสถานพยาบาลทันที
205,1,1,0,0,1,1,0,0,4,ล้างมือ สวมหน้ากาก หลีกเลี่ยงที่แออัด,ให้ติดต่อสถานพยาบาลทันที
206,1,1,1,0,0,0,1,0,4,ล้างมือ สวมหน้ากาก หลีกเลี่ยงที่แออัด,ให้ติดต่อสถานพยาบาลทันที
207,1,1,0,1,0,0,1,0,4,ล้างมือ สวมหน้ากาก หลีกเลี่ยงที่แออัด,ให้ติดต่อสถานพยาบาลทันที
208,1,1,0,0,1,0,1,0,4,ล้างมือ สวมหน้ากาก หลีกเลี่ยงที่แออัด,ให้ติดต่อสถานพยาบาลทันที
209,1,1,0,0,0,1,1,0,4,ล้างมือ สวมหน้ากาก หลีกเลี่ยงที่แออัด,ให้ติดต่อสถานพยาบาลทันที
210,1,1,1,0,0,0,0,1,4,ล้างมือ สวมหน้ากาก หลีกเลี่ยงที่แออัด,ให้ติดต่อสถานพยาบาลทันที
211,1,1,0,1,0,0,0,1,4,ล้างมือ สวมหน้ากาก หลีกเลี่ยงที่แออัด,ให้ติดต่อสถานพยาบาลทันที
212,1,1,0,0,1,0,0,1,4,ล้างมือ สวมหน้ากาก หลีกเลี่ยงที่แออัด,ให้ติดต่อสถานพยาบาลทันที
213,1,1,0,0,0,1,0,1,4,ล้างมือ สวมหน้ากาก หลีกเลี่ยงที่แออัด,ให้ติดต่อสถานพยาบาลทันที
214,1,1,0,0,0,0,1,1,4,ล้างมือ สวมหน้ากาก หลีกเลี่ยงที่แออัด,ให้ติดต่อสถานพยาบาลทันที
215,1,1,1,1,1,0,0,0,4,ล้างมือ สวมหน้ากาก หลีกเลี่ยงที่แออัด,ให้ติดต่อสถานพยาบาลทันที
216,1,1,1,1,0,1,0,0,4,ล้างมือ สวมหน้ากาก หลีกเลี่ยงที่แออัด,ให้ติดต่อสถานพยาบาลทันที
217,1,1,1,0,1,1,0,0,4,ล้างมือ สวมหน้ากาก หลีกเลี่ยงที่แออัด,ให้ติดต่อสถานพยาบาลทันที
218,1,1,0,1,1,1,0,0,4,ล้างมือ สวมหน้ากาก หลีกเลี่ยงที่แออัด,ให้ติดต่อสถานพยาบาลทันที
219,1,1,1,1,0,0,1,0,4,ล้างมือ สวมหน้ากาก หลีกเลี่ยงที่แออัด,ให้ติดต่อสถานพยาบาลทันที
220,1,1,1,0,1,0,1,0,4,ล้างมือ สวมหน้ากาก หลีกเลี่ยงที่แออัด,ให้ติดต่อสถานพยาบาลทันที
221,1,1,0,1,1,0,1,0,4,ล้างมือ สวมหน้ากาก หลีกเลี่ยงที่แออัด,ให้ติดต่อสถานพยาบาลทันที
222,1,1,1,0,0,1,1,0,4,ล้างมือ สวมหน้ากาก หลีกเลี่ยงที่แออัด,ให้ติดต่อสถานพยาบาลทันที
223,1,1,0,1,0,1,1,0,4,ล้างมือ สวมหน้ากาก หลีกเลี่ยงที่แออัด,ให้ติดต่อสถานพยาบาลทันที
224,1,1,0,0,1,1,1,0,4,ล้างมือ สวมหน้ากาก หลีกเลี่ยงที่แออัด,ให้ติดต่อสถานพยาบาลทันที
225,1,1,1,1,0,0,0,1,4,ล้างมือ สวมหน้ากาก หลีกเลี่ยงที่แออัด,ให้ติดต่อสถานพยาบาลทันที
226,1,1,1,0,1,0,0,1,4,ล้างมือ สวมหน้ากาก หลีกเลี่ยงที่แออัด,ให้ติดต่อสถานพยาบาลทันที
227,1,1,0,1,1,0,0,1,4,ล้างมือ สวมหน้ากาก หลีกเลี่ยงที่แออัด,ให้ติดต่อสถานพยาบาลทันที
228,1,1,1,0,0,1,0,1,4,ล้างมือ สวมหน้ากาก หลีกเลี่ยงที่แออัด,ให้ติดต่อสถานพยาบาลทันที
229,1,1,0,1,0,1,0,1,4,ล้างมือ สวมหน้ากาก หลีกเลี่ยงที่แออัด,ให้ติดต่อสถานพยาบาลทันที
230,1,1,0,0,1,1,0,1,4,ล้างมือ สวมหน้ากาก หลีกเลี่ยงที่แออัด,ให้ติดต่อสถานพยาบาลทันที
231,1,1,1,0,0,0,1,1,4,ล้างมือ สวมหน้ากาก หลีกเลี่ยงที่แออัด,ให้ติดต่อสถานพยาบาลทันที
232,1,1,0,1,0,0,1,1,4,ล้างมือ สวมหน้ากาก หลีกเลี่ยงที่แออัด,ให้ติดต่อสถานพยาบาลทันที
233,1,1,0,0,1,0,1,1,4,ล้างมือ สวมหน้ากาก หลีกเลี่ยงที่แออัด,ให้ติดต่อสถานพยาบาลทันที
234,1,1,0,0,0,1,1,1,4,ล้างมือ สวมหน้ากาก หลีกเลี่ยงที่แออัด,ให้ติดต่อสถานพยาบาลทันที
235,1,1,1,1,1,1,0,0,4,ล้างมือ สวมหน้ากาก หลีกเลี่ยงที่แออัด,ให้ติดต่อสถานพยาบาลทันที
236,1,1,1,1,1,0,1,0,4,ล้างมือ สวมหน้ากาก หลีกเลี่ยงที่แออัด,ให้ติดต่อสถานพยาบาลทันที
237,1,1,1,1,0,1,1,0,4,ล้างมือ สวมหน้ากาก หลีกเลี่ยงที่แออัด,ให้ติดต่อสถานพยาบาลทันที
238,1,1,1,0,1,1,1,0,4,ล้างมือ สวมหน้ากาก หลีกเลี่ยงที่แออัด,ให้ติดต่อสถานพยาบาลทันที
239,1,1,0,1,1,1,1,0,4,ล้างมือ สวมหน้ากาก หลีกเลี่ยงที่แออัด,ให้ติดต่อสถานพยาบาลทันที
240,1,1,1,1,1,0,0,1,4,ล้างมือ สวมหน้ากาก หลีกเลี่ยงที่แออัด,ให้ติดต่อสถานพยาบาลทันที
241,1,1,1,1,0,1,0,1,4,ล้างมือ สวมหน้ากาก หลีกเลี่ยงที่แออัด,ให้ติดต่อสถานพยาบาลทันที
242,1,1,1,0,1,1,0,1,4,ล้างมือ สวมหน้ากาก หลีกเลี่ยงที่แออัด,ให้ติดต่อสถานพยาบาลทันที
243,1,1,0,1,1,1,0,1,4,ล้างมือ สวมหน้ากาก หลีกเลี่ยงที่แออัด,ให้ติดต่อสถานพยาบาลทันที
244,1,1,1,1,0,0,1,1,4,ล้างมือ สวมหน้ากาก หลีกเลี่ยงที่แออัด,ให้ติดต่อสถานพยาบาลทันที
245,1,1,1,0,1,0,1,1,4,ล้างมือ สวมหน้ากาก หลีกเลี่ยงที่แออัด,ให้ติดต่อสถานพยาบาลทันที
246,1,1,0,1,1,0,1,1,4,ล้างมือ สวมหน้ากาก หลีกเลี่ยงที่แออัด,ให้ติดต่อสถานพยาบาลทันที
247,1,1,1,0,0,1,1,1,4,ล้างมือ สวมหน้ากาก หลีกเลี่ยงที่แออัด,ให้ติดต่อสถานพยาบาลทันที
248,1,1,0,1,0,1,1,1,4,ล้างมือ สวมหน้ากาก หลีกเลี่ยงที่แออัด,ให้ติดต่อสถานพยาบาลทันที
249,1,1,0,0,1,1,1,1,4,ล้างมือ สวมหน้ากาก หลีกเลี่ยงที่แออัด,ให้ติดต่อสถานพยาบาลทันที
250,1,1,1,1,1,1,1,0,4,ล้างมือ สวมหน้ากาก หลีกเลี่ยงที่แออัด,ให้ติดต่อสถานพยาบาลทันที
251,1,1,1,1,1,1,0,1,4,ล้างมือ สวมหน้ากาก หลีกเลี่ยงที่แออัด,ให้ติดต่อสถานพยาบาลทันที
252,1,1,1,1,1,0,1,1,4,ล้างมือ สวมหน้ากาก หลีกเลี่ยงที่แออัด,ให้ติดต่อสถานพยาบาลทันที
253,1,1,1,1,0,1,1,1,4,ล้างมือ สวมหน้ากาก หลีกเลี่ยงที่แออัด,ให้ติดต่อสถานพยาบาลทันที
254,1,1,1,0,1,1,1,1,4,ล้างมือ สวมหน้ากาก หลีกเลี่ยงที่แออัด,ให้ติดต่อสถานพยาบาลทันที
255,1,1,0,1,1,1,1,1,4,ล้างมือ สวมหน้ากาก หลีกเลี่ยงที่แออัด,ให้ติดต่อสถานพยาบาลทันที
256,1,1,1,1,1,1,1,1,4,ล้างมือ สวมหน้ากาก หลีกเลี่ยงที่แออัด,ให้ติดต่อสถานพยาบาลทันที
